<?xml version="1.0" encoding="UTF-8"?>
<project-private xmlns="http://www.netbeans.org/ns/project-private/1">
    <editor-bookmarks xmlns="http://www.netbeans.org/ns/editor-bookmarks/2" lastBookmarkId="0"/>
    <open-files xmlns="http://www.netbeans.org/ns/projectui-open-files/2">
        <group>
            <file>file:/Users/jkp/Documents/Job%20Data/Lambton/2018_Winter/MAD3464/Class%20Work/Day%203/Day3Exceptions/src/day3exceptions/Day3Exceptions.java</file>
            <file>file:/Users/jkp/Documents/Job%20Data/Lambton/2018_Winter/MAD3464/Class%20Work/Day%203/Day3Exceptions/src/day3exceptions/CustomizeException.java</file>
        </group>
    </open-files>
</project-private>
