<?xml version="1.0" encoding="UTF-8"?>
<project-private xmlns="http://www.netbeans.org/ns/project-private/1">
    <editor-bookmarks xmlns="http://www.netbeans.org/ns/editor-bookmarks/1"/>
    <open-files xmlns="http://www.netbeans.org/ns/projectui-open-files/1">
        <file>file:/D:/DATA/Data-2009/odd/mca-3/Prgrams/StringManipulation/src/stringmanipulation/CompareString.java</file>
        <file>file:/D:/DATA/Data-2009/odd/mca-3/Prgrams/StringManipulation/src/stringmanipulation/Extract.java</file>
        <file>file:/D:/DATA/Data-2009/odd/mca-3/Prgrams/StringManipulation/src/stringmanipulation/NewString.java</file>
        <file>file:/D:/DATA/Data-2009/odd/mca-3/Prgrams/StringManipulation/src/stringmanipulation/StringBufferTest.java</file>
        <file>file:/D:/DATA/Data-2009/odd/mca-3/Prgrams/StringManipulation/src/stringmanipulation/StringSample.java</file>
    </open-files>
</project-private>
