<?xml version="1.0" encoding="UTF-8"?>
<project-private xmlns="http://www.netbeans.org/ns/project-private/1">
    <editor-bookmarks xmlns="http://www.netbeans.org/ns/editor-bookmarks/2" lastBookmarkId="0"/>
    <open-files xmlns="http://www.netbeans.org/ns/projectui-open-files/2">
        <group>
            <file>file:/C:/Users/Caio/Downloads/FinalProject/FinalProject/src/finalproject/Enums.java</file>
            <file>file:/C:/Users/Caio/Downloads/FinalProject/FinalProject/src/finalproject/Ticket.java</file>
            <file>file:/C:/Users/Caio/Downloads/FinalProject/FinalProject/src/finalproject/FinalProject.java</file>
            <file>file:/C:/Users/Caio/Downloads/FinalProject/FinalProject/src/finalproject/FlightRepository.java</file>
            <file>file:/C:/Users/Caio/Downloads/FinalProject/FinalProject/src/finalproject/Itinerary.java</file>
            <file>file:/C:/Users/Caio/Downloads/FinalProject/FinalProject/src/finalproject/Passenger.java</file>
            <file>file:/C:/Users/Caio/Downloads/FinalProject/FinalProject/src/finalproject/Flight.java</file>
            <file>file:/C:/Users/Caio/Downloads/FinalProject/FinalProject/src/finalproject/Fare.java</file>
            <file>file:/C:/Users/Caio/Downloads/FinalProject/FinalProject/src/finalproject/PassengerList.java</file>
            <file>file:/C:/Users/Caio/Downloads/FinalProject/FinalProject/src/finalproject/Seat.java</file>
            <file>file:/C:/Users/Caio/Downloads/FinalProject/FinalProject/src/finalproject/IFlightSegmentReservation.java</file>
            <file>file:/C:/Users/Caio/Downloads/FinalProject/FinalProject/src/finalproject/DepartureDate.java</file>
        </group>
    </open-files>
</project-private>
